protocol,protocol_name,chain,tvl_usd,credit_risk,duration_risk,market_risk,operational_risk,total_carr,risk_tier,sharpe_proxy,stress_outflow,available_liquidity,lcr,liquidity_tier
059fa0e6-7402-498c-bfa8-561baf4e82ec,euler-v2,Avalanche,1821133,0.0499999999999999,0.005,0.03,0.01,0.0949999999999999,C (Elevated Risk),1.6365750606897318,0.050045,0.9998999999999999,19.980017983814566,Excess
0758c3b8-4ffb-4176-b0a9-f446e367db46,aave-v3,Optimism,7230170,0.022,0.005,0.03,0.008,0.065,C (Elevated Risk),1.577172429016408,0.050045,0.99992,19.980417624138276,Excess
0860763b-f949-4e38-8eba-22ffe14d400f,sparklend,Gnosis,29721,0.036,0.005,0.03,0.01,0.0809999999999999,C (Elevated Risk),1.6679480952999843,0.050045,0.9998999999999999,19.980017983814566,Excess
0c3c1b07-7c36-4fbb-8e71-226e02bf15c1,tectonic,Cronos,54862510,0.0574999999999999,0.005,0.08,0.01,0.1525,D (High Risk),0.2261481366939848,0.05012,0.9998999999999999,19.950119712689546,Excess
0c8567f8-ba5b-41ad-80de-00a71895eb19,compound-v3,Base,1712094,0.0084999999999999,0.005,0.01,0.008,0.0315,A (Low Risk),6.677244342490938,0.050015000000000004,0.99992,19.992402279316206,Excess
0cfcfe3b-29ff-47ff-97fa-078bf4755863,aave-v3,Metis,188666,0.0115,0.005,0.08,0.008,0.1045,D (High Risk),0.326354862657758,0.05012,0.99992,19.950518754988032,Excess
0e07fbf1-83d7-47ae-af39-f8ba4d4f388c,ajna-v2,Ethereum,162482,0.0574999999999999,0.005,0.05,0.01,0.1224999999999999,D (High Risk),0.50816,0.05007500000000001,0.9998999999999999,19.968047928107833,Excess
0e84ae63-98ff-4b67-a355-9c3e1046e95c,dforce-lending,Ethereum,43779,0.0574999999999999,0.005,0.01,0.01,0.0824999999999999,C (Elevated Risk),11.18426,0.050015000000000004,0.9998999999999999,19.992002399280214,Excess
0fde8996-ecdf-441c-94a9-ec67403e9b8c,euler-v2,Ethereum,41269468,0.0394999999999999,0.005,0.01,0.01,0.0644999999999999,C (Elevated Risk),7.024924978418453,0.050015000000000004,0.9998999999999999,19.992002399280214,Excess
0fe9698a-78fc-46c5-b2ca-0fb658258ab0,euler-v2,Base,13210,0.0365,0.005,0.01,0.01,0.0615,C (Elevated Risk),3.116045061795909,0.050015000000000004,0.9998999999999999,19.992002399280214,Excess
1230754d-3438-487d-aa02-eacc1f2f6fc3,euler-v2,Avalanche,2954290,0.0365,0.005,0.01,0.01,0.0615,C (Elevated Risk),61.91236547331423,0.050015000000000004,0.9998999999999999,19.992002399280214,Excess
1b8b4cdb-0728-42a8-bf13-2c8fea7427ee,aave-v3,Polygon,20595644,0.016,0.005,0.01,0.008,0.039,B (Moderate Risk),2.119189917319542,0.050015000000000004,0.99992,19.992402279316206,Excess
1c4598df-177c-4de8-a53b-3baa3fc49932,aave-v3,Metis,311291,0.022,0.005,0.08,0.008,0.1149999999999999,D (High Risk),0.0956343617974651,0.05012,0.99992,19.950518754988032,Excess
1f4e1c87-e20a-4fdc-b4f9-5e182b9bb627,silo-v2,Ethereum,18624,0.071,0.005,0.08,0.01,0.166,D (High Risk),0.1100499627606752,0.05012,0.9998999999999999,19.950119712689546,Excess
21091399-1187-4242-8e03-9b06032f9a8f,aave-v3,Gnosis,957487,0.0115,0.005,0.01,0.008,0.0345,A (Low Risk),3.039580658964485,0.050015000000000004,0.99992,19.992402279316206,Excess
2233ee0d-e68e-4256-83ef-c9fd04f57c4b,euler-v2,Linea,11650,0.0499999999999999,0.005,0.01,0.01,0.0749999999999999,C (Elevated Risk),4.97425298961916,0.050015000000000004,0.9998999999999999,19.992002399280214,Excess
24762515-822a-46af-927c-77a1dc449bd0,aave-v3,Optimism,983922,0.0084999999999999,0.005,0.01,0.008,0.0315,A (Low Risk),2.337371979382823,0.050015000000000004,0.99992,19.992402279316206,Excess
27296bf9-617a-46e4-9d6d-eefc71e9e0b6,aave-v3,Ethereum,16465901,0.022,0.005,0.03,0.008,0.065,C (Elevated Risk),1.5215404659049117,0.050045,0.99992,19.980417624138276,Excess
2b181181-f200-44d0-81bf-31f3575fea4c,euler-v2,Ethereum,167978,0.0499999999999999,0.005,0.03,0.01,0.0949999999999999,C (Elevated Risk),1.093295596177815,0.050045,0.9998999999999999,19.980017983814566,Excess
2d02765d-1444-46a0-8046-cd7af0c06ac1,euler-v2,Base,154325,0.0499999999999999,0.005,0.03,0.01,0.0949999999999999,C (Elevated Risk),1.3615292712066904,0.050045,0.9998999999999999,19.980017983814566,Excess
2e10b83a-f3a0-4049-9424-46dde27db611,moonwell-lending,Moonbeam,25054,0.071,0.005,0.05,0.01,0.136,D (High Risk),0.6388279595795667,0.05007500000000001,0.9998999999999999,19.968047928107833,Excess
31a0cd94-b781-4e0d-a9f1-1702bc2c238f,euler-v2,Ethereum,31370135,0.044,0.005,0.01,0.01,0.0689999999999999,C (Elevated Risk),4.445090432447858,0.050015000000000004,0.9998999999999999,19.992002399280214,Excess
3313ec0f-ed24-4d37-bdf8-9b26264785a4,silo-v2,Ethereum,1042283,0.071,0.005,0.03,0.01,0.1159999999999999,D (High Risk),1.7700110648053058,0.050045,0.9998999999999999,19.980017983814566,Excess
363e5586-cfee-402c-9b0b-be70366052e8,aave-v3,Optimism,238015,0.016,0.005,0.01,0.008,0.039,B (Moderate Risk),2.248678127779353,0.050015000000000004,0.99992,19.992402279316206,Excess
3665ee7e-6c5d-49d9-abb7-c47ab5d9d4ac,aave-v3,Ethereum,48968986,0.016,0.005,0.01,0.008,0.039,B (Moderate Risk),2.297809956917185,0.050015000000000004,0.99992,19.992402279316206,Excess
37b04faa-95bb-4ccb-9c4e-c70fa167342b,aave-v3,Polygon,983439,0.022,0.005,0.01,0.008,0.045,B (Moderate Risk),2.2661016949152537,0.050015000000000004,0.99992,19.992402279316206,Excess
381eb971-56f8-468f-b2b6-ea922c477dca,benqi-lending,Avalanche,101778,0.0499999999999999,0.005,0.01,0.01,0.0749999999999999,C (Elevated Risk),2.027267236876469,0.050015000000000004,0.9998999999999999,19.992002399280214,Excess
3ba7480d-ea40-4d80-a7fe-2cc44160cfe0,euler-v2,Ethereum,782904,0.0365,0.005,0.01,0.01,0.0615,C (Elevated Risk),4.606266801075267,0.050015000000000004,0.9998999999999999,19.992002399280214,Excess
3c06f4b6-b140-46d8-aaf9-550bac788d59,radiant-v2,Arbitrum,34918,0.044,0.005,0.05,0.012,0.111,D (High Risk),0.5755376823296245,0.05007500000000001,0.99988,19.96764852720918,Excess
3cebd626-5ee5-4699-9f6c-090918bc5ebd,aave-v3,Metis,22319,0.0084999999999999,0.005,0.08,0.008,0.1015,D (High Risk),0.0049386171871875,0.05012,0.99992,19.950518754988032,Excess
3e669ce8-74c5-4fc9-bf85-f40a924c6407,aave-v3,Avalanche,2613772,0.0115,0.005,0.03,0.008,0.0545,B (Moderate Risk),1.3372219404390984,0.050045,0.99992,19.980417624138276,Excess
4059659c-a240-47c3-85a5-69897563d63b,euler-v2,Ethereum,29822,0.0499999999999999,0.005,0.01,0.01,0.0749999999999999,C (Elevated Risk),2.16560532830789,0.050015000000000004,0.9998999999999999,19.992002399280214,Excess
43c85a77-21ca-4551-81b8-86b751ca6a84,euler-v2,Ethereum,47777,0.0394999999999999,0.005,0.08,0.01,0.1345,D (High Risk),0.1613856858197497,0.05012,0.9998999999999999,19.950119712689546,Excess
44293f7f-2e0d-4904-a336-f53b5970abfe,euler-v2,Ethereum,23769,0.0499999999999999,0.005,0.08,0.01,0.145,D (High Risk),0.2453175075450904,0.05012,0.9998999999999999,19.950119712689546,Excess
442e7f38-f770-41ac-9905-0957a23e5f2e,euler-v2,Avalanche,2891703,0.0365,0.005,0.08,0.01,0.1315,D (High Risk),0.3529,0.05012,0.9998999999999999,19.950119712689546,Excess
461505e0-e631-4af0-b0e9-6a861d917939,aave-v3,Gnosis,4440078,0.022,0.005,0.03,0.008,0.065,C (Elevated Risk),1.114642413094204,0.050045,0.99992,19.980417624138276,Excess
46cd8b53-3d41-4b9f-85f7-77f42f317445,benqi-lending,Avalanche,54546,0.0499999999999999,0.005,0.08,0.01,0.145,D (High Risk),0.1997988380439285,0.05012,0.9998999999999999,19.950119712689546,Excess
48b2b90b-ab17-43a5-b7b0-2f91ec132d4d,moonwell-lending,Moonbeam,36548,0.0649999999999999,0.005,0.05,0.01,0.13,D (High Risk),0.9688696041535624,0.05007500000000001,0.9998999999999999,19.968047928107833,Excess
4ab15352-e834-41bd-962a-53e6e724179a,radiant-v2,Ethereum,81083,0.0394999999999999,0.005,0.01,0.012,0.0664999999999999,C (Elevated Risk),7.371052933015998,0.050015000000000004,0.99988,19.991602519244225,Excess
4bb695e2-bd1c-473e-81ca-4e3d027cad78,euler-v2,Ethereum,72612,0.044,0.005,0.05,0.01,0.109,D (High Risk),0.7175550884485487,0.05007500000000001,0.9998999999999999,19.968047928107833,Excess
4e779744-ce96-4185-a461-39447619989a,euler-v2,Linea,86883,0.0499999999999999,0.005,0.08,0.01,0.145,D (High Risk),0.1879589142809999,0.05012,0.9998999999999999,19.950119712689546,Excess
4ea995cd-f67b-4283-97e5-96640f8de0c7,radiant-v1,Arbitrum,25556,0.0365,0.005,0.03,0.012,0.0834999999999999,C (Elevated Risk),1.8669369333386585,0.050045,0.99988,19.97961834349086,Excess
4ef4eb9a-e22e-4190-b8f3-8c75373ad0d6,aave-v3,Ethereum,37938,0.016,0.005,0.01,0.008,0.039,B (Moderate Risk),2.8367627275999925,0.050015000000000004,0.99992,19.992402279316206,Excess
5a49dee1-344d-4b50-a167-8f5faab08752,aave-v3,Linea,3056698,0.022,0.005,0.05,0.008,0.0849999999999999,C (Elevated Risk),0.757370925845168,0.05007500000000001,0.99992,19.968447329006487,Excess
5a8d7827-00d9-416a-b1bb-ddc7f758a66e,radiant-v1,Arbitrum,83502,0.0365,0.005,0.03,0.012,0.0834999999999999,C (Elevated Risk),1.382663974571697,0.050045,0.99988,19.97961834349086,Excess
5aa3c9c2-7a03-4aa4-b1eb-0945f1388eeb,silo-v2,Arbitrum,26586,0.0574999999999999,0.005,0.03,0.01,0.1025,D (High Risk),1.2162015438120282,0.050045,0.9998999999999999,19.980017983814566,Excess
5b91998c-7db9-4b5e-8caf-343b55769151,euler-v2,Ethereum,156666,0.0499999999999999,0.005,0.03,0.01,0.0949999999999999,C (Elevated Risk),1.1984669811320754,0.050045,0.9998999999999999,19.980017983814566,Excess
5e498f38-9d6f-49b7-a197-9068103f9866,aave-v3,zkSync Era,145598,0.022,0.005,0.01,0.008,0.045,B (Moderate Risk),2.084736763284367,0.050015000000000004,0.99992,19.992402279316206,Excess
5ee539c7-cfae-41c7-8bf4-b3d2522c33f0,euler-v2,Ethereum,14861,0.0499999999999999,0.005,0.05,0.01,0.1149999999999999,D (High Risk),0.7151031802570386,0.05007500000000001,0.9998999999999999,19.968047928107833,Excess
631404ca-4aa4-41b8-a85f-cbe7b6194d98,euler-v2,Avalanche,221586,0.0499999999999999,0.005,0.01,0.01,0.0749999999999999,C (Elevated Risk),4.879714491563764,0.050015000000000004,0.9998999999999999,19.992002399280214,Excess
643e883f-6922-4c89-82c3-bf3ac260fe1f,compound-v3,Arbitrum,311663,0.016,0.005,0.03,0.008,0.059,B (Moderate Risk),1.9917375455650064,0.050045,0.99992,19.980417624138276,Excess
65ce8276-b4d9-41ba-9f6f-21fc374cf9bc,sparklend,Ethereum,8176010,0.0255,0.005,0.01,0.01,0.0505,B (Moderate Risk),5.931719516798793,0.050015000000000004,0.9998999999999999,19.992002399280214,Excess
6652ed18-d327-46cd-9bac-08e0e14ea715,aave-v3,Base,18873133,0.022,0.005,0.08,0.008,0.1149999999999999,D (High Risk),0.3543294593629764,0.05012,0.99992,19.950518754988032,Excess
6817bab0-5389-40a0-84d1-78830c1d81aa,aave-v3,Linea,934268,0.022,0.005,0.03,0.008,0.065,C (Elevated Risk),1.0722972346450403,0.050045,0.99992,19.980417624138276,Excess
698bf55b-1f51-45d5-b8d6-c27ccd0c28c0,sparklend,Gnosis,24424,0.036,0.005,0.05,0.01,0.1009999999999999,D (High Risk),0.8469546521825227,0.05007500000000001,0.9998999999999999,19.968047928107833,Excess
69cf831d-624a-4f23-b5e3-c0f63ad1fa01,moonwell-lending,Base,9515323,0.071,0.005,0.01,0.01,0.0959999999999999,C (Elevated Risk),2.683267506314308,0.050015000000000004,0.9998999999999999,19.992002399280214,Excess
6ce69c24-7604-4e95-aea5-cab20c013930,silo-v2,Ethereum,137855,0.071,0.005,0.03,0.01,0.1159999999999999,D (High Risk),1.4737769942706038,0.050045,0.9998999999999999,19.980017983814566,Excess
6da0372c-8e39-40db-acde-e35090862457,moonwell-lending,Base,723737,0.071,0.005,0.05,0.01,0.136,D (High Risk),0.9491696263186504,0.05007500000000001,0.9998999999999999,19.968047928107833,Excess
6f9fe8c4-9676-4fef-9b7b-02be2430d7d9,moonwell-lending,Optimism,47286,0.0649999999999999,0.005,0.01,0.01,0.0899999999999999,C (Elevated Risk),3.299614984004167,0.050015000000000004,0.9998999999999999,19.992002399280214,Excess
7105734d-9cc9-4c85-b54b-404c86c843fb,silo-v2,Ethereum,3734212,0.071,0.005,0.05,0.01,0.136,D (High Risk),0.6511150894319386,0.05007500000000001,0.9998999999999999,19.968047928107833,Excess
71b4f445-d105-4625-9412-9969af520ec7,euler-v2,Ethereum,27087,0.0365,0.005,0.08,0.01,0.1315,D (High Risk),0.3512,0.05012,0.9998999999999999,19.950119712689546,Excess
724b2011-c3f7-4179-b154-e5adb155f84f,silo-v2,Avalanche,199641,0.071,0.005,0.01,0.01,0.0959999999999999,C (Elevated Risk),2.338856001562912,0.050015000000000004,0.9998999999999999,19.992002399280214,Excess
72a1d041-4b13-45b0-ac95-066ec9819b3b,tectonic,Cronos,381756,0.0574999999999999,0.005,0.08,0.01,0.1525,D (High Risk),0.1368579293649089,0.05012,0.9998999999999999,19.950119712689546,Excess
736b9836-d7a2-40d6-b15d-12657989b0b1,radiant-v2,Ethereum,111763,0.044,0.005,0.01,0.012,0.071,C (Elevated Risk),7.59091281403213,0.050015000000000004,0.99988,19.991602519244225,Excess
73936265-c77f-414e-b170-e2e754de3ff8,radiant-v2,Arbitrum,38868,0.044,0.005,0.01,0.012,0.071,C (Elevated Risk),9.077495093750738,0.050015000000000004,0.99988,19.991602519244225,Excess
73e933a7-73b2-43ec-b1e9-d5d1d42ce2de,euler-v2,Ethereum,108443666,0.0394999999999999,0.005,0.01,0.01,0.0644999999999999,C (Elevated Risk),12.110893285918351,0.050015000000000004,0.9998999999999999,19.992002399280214,Excess
749280ad-ecea-4753-9672-386961758acd,radiant-v1,Arbitrum,36297,0.0365,0.005,0.01,0.012,0.0635,C (Elevated Risk),5.174663650434575,0.050015000000000004,0.99988,19.991602519244225,Excess
76f65ec2-ea3d-42a2-9f9f-1542b48838e9,euler-v2,Base,39703,0.0499999999999999,0.005,0.03,0.01,0.0949999999999999,C (Elevated Risk),1.6737656437510713,0.050045,0.9998999999999999,19.980017983814566,Excess
788b0d81-8533-468c-8789-88ac64b7d5c8,ajna-v2,Ethereum,92319,0.0574999999999999,0.005,0.01,0.01,0.0824999999999999,C (Elevated Risk),4.46108,0.050015000000000004,0.9998999999999999,19.992002399280214,Excess
78c4b5eb-6e36-4c3a-94b5-779e37dbf9a4,aave-v3,Celo,278926,0.022,0.005,0.08,0.008,0.1149999999999999,D (High Risk),0.2870869616303511,0.05012,0.99992,19.950518754988032,Excess
7aab7b0f-01c1-4467-bc0d-77826d870f19,aave-v3,Arbitrum,817617,0.016,0.005,0.03,0.008,0.059,B (Moderate Risk),1.94885085686232,0.050045,0.99992,19.980417624138276,Excess
7ba506b8-9265-450d-9111-281fa6b57657,euler-v2,Base,44132,0.0394999999999999,0.005,0.01,0.01,0.0644999999999999,C (Elevated Risk),3.60449570909822,0.050015000000000004,0.9998999999999999,19.992002399280214,Excess
7cee66c5-4e83-4beb-8b4d-2c2fd62813c5,silo-v2,Avalanche,1560684,0.071,0.005,0.03,0.01,0.1159999999999999,D (High Risk),1.2771961584812306,0.050045,0.9998999999999999,19.980017983814566,Excess
7da72d09-56ca-4ec5-a45f-59114353e487,compound-v3,Ethereum,127860945,0.022,0.005,0.03,0.008,0.065,C (Elevated Risk),1.951404760255789,0.050045,0.99992,19.980417624138276,Excess
7e0661bf-8cf3-45e6-9424-31916d4c7b84,aave-v3,Base,67533577,0.0115,0.005,0.01,0.008,0.0345,A (Low Risk),4.54526669249645,0.050015000000000004,0.99992,19.992402279316206,Excess
7e7821a2-3d20-4ae7-9c3d-04cd57904555,aave-v3,Polygon,21823372,0.016,0.005,0.01,0.008,0.039,B (Moderate Risk),2.3663224325874936,0.050015000000000004,0.99992,19.992402279316206,Excess
7eff1f92-e36d-4b6c-a405-c9957e6e6fb9,moonwell-lending,Optimism,249809,0.071,0.005,0.01,0.01,0.0959999999999999,C (Elevated Risk),2.907216660249004,0.050015000000000004,0.9998999999999999,19.992002399280214,Excess
810ac523-b0e2-44cc-9fb6-bb9205f265da,ajna-v2,Ethereum,14586,0.0574999999999999,0.005,0.01,0.01,0.0824999999999999,C (Elevated Risk),2.06032,0.050015000000000004,0.9998999999999999,19.992002399280214,Excess
814326a1-e8f9-4dcd-9b35-952350ab74f7,aave-v3,Ethereum,14681,0.022,0.005,0.08,0.008,0.1149999999999999,D (High Risk),0.0007680865449628,0.05012,0.99992,19.950518754988032,Excess
82c8eda4-f27b-4e41-851d-4368af5e4866,silo-v2,Avalanche,59913,0.0574999999999999,0.005,0.01,0.01,0.0824999999999999,C (Elevated Risk),7.181794548763174,0.050015000000000004,0.9998999999999999,19.992002399280214,Excess
8395e9c7-a26d-4e9c-a6e9-7cc002244979,euler-v2,Base,242363,0.0499999999999999,0.005,0.01,0.01,0.0749999999999999,C (Elevated Risk),2.5024195003526724,0.050015000000000004,0.9998999999999999,19.992002399280214,Excess
85247b13-8180-44e7-b38c-4d324cc68a92,compound-v3,Arbitrum,6781455,0.0084999999999999,0.005,0.01,0.008,0.0315,A (Low Risk),4.804922407492394,0.050015000000000004,0.99992,19.992402279316206,Excess
85f878ab-9ae3-4524-afa5-f1356dfb361f,euler-v2,Arbitrum,956223,0.0499999999999999,0.005,0.01,0.01,0.0749999999999999,C (Elevated Risk),2.888309322735552,0.050015000000000004,0.9998999999999999,19.992002399280214,Excess
85fc6934-c94d-4ebe-9c60-66beb363669f,aave-v3,Ethereum,421104681,0.0115,0.005,0.03,0.008,0.0545,B (Moderate Risk),1.2797547761619614,0.050045,0.99992,19.980417624138276,Excess
8a561627-3d0c-436a-805c-8490c68fe014,aave-v3,zkSync Era,26233,0.0115,0.005,0.01,0.008,0.0345,A (Low Risk),5.101487189244037,0.050015000000000004,0.99992,19.992402279316206,Excess
8ca17fc6-018b-46d4-9bfb-f2b5e981a0fb,dforce-lending,Ethereum,400742,0.0574999999999999,0.005,0.01,0.01,0.0824999999999999,C (Elevated Risk),7.67184,0.050015000000000004,0.9998999999999999,19.992002399280214,Excess
8d208be9-5455-48f9-89ba-1113f3f875ea,compound-v3,Optimism,1063246,0.0084999999999999,0.005,0.01,0.008,0.0315,A (Low Risk),6.9624665917806094,0.050015000000000004,0.99992,19.992402279316206,Excess
8d4d3acb-e1bf-471a-8256-36b90a8f4d25,aave-v3,Arbitrum,108552,0.0115,0.005,0.03,0.008,0.0545,B (Moderate Risk),1.160792809105018,0.050045,0.99992,19.980417624138276,Excess
8e41ef65-c599-4750-82a6-b284ddd33635,euler-v2,Ethereum,852571,0.0394999999999999,0.005,0.01,0.01,0.0644999999999999,C (Elevated Risk),3.18463037876664,0.050015000000000004,0.9998999999999999,19.992002399280214,Excess
8fbe28b8-140d-4e37-8804-5d2aba4daded,sparklend,Ethereum,73341816,0.0225,0.005,0.01,0.01,0.0475,B (Moderate Risk),5.21483879043651,0.050015000000000004,0.9998999999999999,19.992002399280214,Excess
91a13ad5-0687-4d6f-a789-da86b149d817,euler-v2,Arbitrum,1100566,0.0499999999999999,0.005,0.03,0.01,0.0949999999999999,C (Elevated Risk),1.564279425808762,0.050045,0.9998999999999999,19.980017983814566,Excess
930e523f-23dc-4e4f-9732-b4d9bd8494cf,silo-v2,Arbitrum,15186,0.071,0.005,0.05,0.01,0.136,D (High Risk),0.6785523850868954,0.05007500000000001,0.9998999999999999,19.968047928107833,Excess
933a582d-7f56-4db8-abb7-bb0876e41568,sparklend,Gnosis,82101,0.036,0.005,0.08,0.01,0.131,D (High Risk),0.1785385967887328,0.05012,0.9998999999999999,19.950119712689546,Excess
939b0cda-7d65-41b8-9226-f28949a857e8,euler-v2,Ethereum,133471,0.044,0.005,0.01,0.01,0.0689999999999999,C (Elevated Risk),3.3428162034687614,0.050015000000000004,0.9998999999999999,19.992002399280214,Excess
94473b8f-8052-4490-aa8d-7df1024f2927,compound-v3,Polygon,379274,0.0115,0.005,0.01,0.008,0.0345,A (Low Risk),4.610883997776105,0.050015000000000004,0.99992,19.992402279316206,Excess
948eb56a-b8fa-4b08-8c0d-453d8a6b787f,tectonic,Cronos,38645,0.0574999999999999,0.005,0.08,0.01,0.1525,D (High Risk),0.2123858515771424,0.05012,0.9998999999999999,19.950119712689546,Excess
98d07333-f5e4-4a48-8061-cfb4b73ccf79,aave-v3,Ethereum,126386874,0.0115,0.005,0.03,0.008,0.0545,B (Moderate Risk),1.3112136594370094,0.050045,0.99992,19.980417624138276,Excess
9a5f6bad-29d1-4fc2-b913-3adb5d394349,moonwell-lending,Moonbeam,25365,0.0649999999999999,0.005,0.05,0.01,0.13,D (High Risk),0.9388848164980698,0.05007500000000001,0.9998999999999999,19.968047928107833,Excess
9b255e6c-a36c-4bac-a93a-be70b6be90f5,compound-v3,Scroll,10705,0.022,0.005,0.08,0.008,0.1149999999999999,D (High Risk),0.4178703522029416,0.05012,0.99992,19.950518754988032,Excess
9e127768-292f-4773-9289-2ce7997bb285,aave-v3,Optimism,15607,0.022,0.005,0.05,0.008,0.0849999999999999,C (Elevated Risk),0.7386315533812151,0.05007500000000001,0.99992,19.968447329006487,Excess
9ec8eb36-332d-47d4-8d32-ee7574037e60,aave-v3,Avalanche,647805,0.0115,0.005,0.01,0.008,0.0345,A (Low Risk),2.416550081032787,0.050015000000000004,0.99992,19.992402279316206,Excess
a02c4fea-b826-4b8e-96c1-051320e42a9e,euler-v2,Ethereum,17000,0.0394999999999999,0.005,0.01,0.01,0.0644999999999999,C (Elevated Risk),4.468149974052929,0.050015000000000004,0.9998999999999999,19.992002399280214,Excess
a0f1def1-eacd-4b3a-91a1-be9a9c0cbc2c,euler-v2,Ethereum,146436,0.044,0.005,0.01,0.01,0.0689999999999999,C (Elevated Risk),19.33278536555217,0.050015000000000004,0.9998999999999999,19.992002399280214,Excess
a0f53224-c152-416e-8599-4563e70c6040,euler-v2,Ethereum,637649,0.0394999999999999,0.005,0.01,0.01,0.0644999999999999,C (Elevated Risk),4.992765781873194,0.050015000000000004,0.9998999999999999,19.992002399280214,Excess
a17d8b32-48cb-4446-aad7-ed4278f144e0,compound-v3,Polygon,830036,0.022,0.005,0.03,0.008,0.065,C (Elevated Risk),1.524696135937594,0.050045,0.99992,19.980417624138276,Excess
a3a7fb56-b19a-4dc8-a3f1-285cb38c5885,euler-v2,Ethereum,200272,0.044,0.005,0.01,0.01,0.0689999999999999,C (Elevated Risk),2.2232965739000474,0.050015000000000004,0.9998999999999999,19.992002399280214,Excess
a5d67f7e-5b51-4a9d-969d-caf051a7f5a4,spark-savings,Ethereum,286076314,0.03,0.005,0.01,0.01,0.055,B (Moderate Risk),3.8268932187452167,0.050015000000000004,0.9998999999999999,19.992002399280214,Excess
a8e3d841-2788-4647-ad54-5a36fac451b1,aave-v3,Arbitrum,1104942,0.0084999999999999,0.005,0.01,0.008,0.0315,A (Low Risk),4.514014760429809,0.050015000000000004,0.99992,19.992402279316206,Excess
aa70268e-4b52-42bf-a116-608b370f9501,aave-v3,Ethereum,1208384846,0.022,0.005,0.03,0.008,0.065,C (Elevated Risk),1.5967253337719665,0.050045,0.99992,19.980417624138276,Excess
ab6d490b-0970-49e6-8859-545df298e1f5,euler-v2,Avalanche,22019,0.0365,0.005,0.01,0.01,0.0615,C (Elevated Risk),56.95628294851316,0.050015000000000004,0.9998999999999999,19.992002399280214,Excess
af2343d4-1265-47b1-babf-bfbca90dab56,euler-v2,Ethereum,93795,0.0499999999999999,0.005,0.01,0.01,0.0749999999999999,C (Elevated Risk),2.2272083771621096,0.050015000000000004,0.9998999999999999,19.992002399280214,Excess
b007a303-26b8-42ab-ab23-31dd7a44e8a3,moonwell-lending,Moonbeam,37699,0.0574999999999999,0.005,0.05,0.01,0.1224999999999999,D (High Risk),0.5092794759825328,0.05007500000000001,0.9998999999999999,19.968047928107833,Excess
b37c26c3-848f-45f0-bd75-af97f1674a4d,tectonic,Cronos,44179383,0.0574999999999999,0.005,0.08,0.01,0.1525,D (High Risk),0.2984247258225323,0.05012,0.9998999999999999,19.950119712689546,Excess
b5016961-230e-4238-9ca6-1123a5f92333,sparklend,Gnosis,999853,0.03,0.005,0.08,0.01,0.1249999999999999,D (High Risk),0.1395273812404226,0.05012,0.9998999999999999,19.950119712689546,Excess
b6075455-4fcf-4af6-ac75-53b2c8b13299,silo-v2,Arbitrum,188533,0.071,0.005,0.01,0.01,0.0959999999999999,C (Elevated Risk),3.4799699609492336,0.050015000000000004,0.9998999999999999,19.992002399280214,Excess
b6d41555-60e5-485f-9629-ae292c563a5d,aave-v3,Arbitrum,92526,0.0115,0.005,0.01,0.008,0.0345,A (Low Risk),2.4793097128033046,0.050015000000000004,0.99992,19.992402279316206,Excess
b828f0cb-853d-4b32-aebb-2e20d7fd70a8,compound-v3,Optimism,1208037,0.0115,0.005,0.01,0.008,0.0345,A (Low Risk),3.969248307028376,0.050015000000000004,0.99992,19.992402279316206,Excess
b865d4dc-ffd5-4fd6-9479-0d7932d6a9e6,silo-v2,Avalanche,11341,0.071,0.005,0.01,0.01,0.0959999999999999,C (Elevated Risk),6.2984544185274505,0.050015000000000004,0.9998999999999999,19.992002399280214,Excess
b9c2067b-f491-4dfa-bedf-59194c4c7aa0,euler-v2,Ethereum,65031,0.0499999999999999,0.005,0.03,0.01,0.0949999999999999,C (Elevated Risk),1.984315765516793,0.050045,0.9998999999999999,19.980017983814566,Excess
ba37b7ae-e0b0-4bf0-94ee-bcf3dd09d194,radiant-v2,Arbitrum,137613,0.0394999999999999,0.005,0.01,0.012,0.0664999999999999,C (Elevated Risk),7.401173183617802,0.050015000000000004,0.99988,19.991602519244225,Excess
baee0253-eb6e-4a08-a579-a2acd4f034b2,aave-v3,Ethereum,125997001,0.0084999999999999,0.005,0.03,0.008,0.0515,B (Moderate Risk),1.1559146267936813,0.050045,0.99992,19.980417624138276,Excess
bc244917-e28c-4f10-bfa4-79bf90529023,euler-v2,Ethereum,316575,0.044,0.005,0.01,0.01,0.0689999999999999,C (Elevated Risk),3.414367202579282,0.050015000000000004,0.9998999999999999,19.992002399280214,Excess
bdcf8682-1d72-42a7-b23e-f56d666dd10e,aave-v3,Ethereum,28077278,0.016,0.005,0.01,0.008,0.039,B (Moderate Risk),2.669985302163907,0.050015000000000004,0.99992,19.992402279316206,Excess
bde08c85-41c5-4d80-9bb1-0835a4352efa,aave-v3,Optimism,2734224,0.022,0.005,0.03,0.008,0.065,C (Elevated Risk),1.6563667017149484,0.050045,0.99992,19.980417624138276,Excess
c1424055-1eb4-4c25-a30a-ebb0340dfd56,euler-v2,Ethereum,3146716,0.0365,0.005,0.08,0.01,0.1315,D (High Risk),0.3512,0.05012,0.9998999999999999,19.950119712689546,Excess
c2505d0e-aced-431f-a3cd-b4b503301b09,euler-v2,Ethereum,146489,0.0365,0.005,0.01,0.01,0.0615,C (Elevated Risk),5.789191240242843,0.050015000000000004,0.9998999999999999,19.992002399280214,Excess
c4b05318-88af-4536-a834-f5fc8940d2d3,aave-v3,Avalanche,28124461,0.016,0.005,0.01,0.008,0.039,B (Moderate Risk),2.519094660262615,0.050015000000000004,0.99992,19.992402279316206,Excess
c57bdc97-3100-41ff-845f-075363f6f5a4,aave-v3,Polygon,1954487,0.016,0.005,0.01,0.008,0.039,B (Moderate Risk),2.704863150475743,0.050015000000000004,0.99992,19.992402279316206,Excess
c5c74dd1-995c-4445-9d84-3e710bad7d52,spark-savings,Ethereum,229119729,0.0225,0.005,0.01,0.01,0.0475,B (Moderate Risk),8.0,0.050015000000000004,0.9998999999999999,19.992002399280214,Excess
c695f0a3-bd6d-443f-b1c8-60f8142daeee,euler-v2,Avalanche,1191700,0.0365,0.005,0.01,0.01,0.0615,C (Elevated Risk),11.64944,0.050015000000000004,0.9998999999999999,19.992002399280214,Excess
d5e3d09c-f681-46cb-932c-8d6fe1ff1487,benqi-lending,Avalanche,2943816,0.044,0.005,0.01,0.01,0.0689999999999999,C (Elevated Risk),3.938434004474273,0.050015000000000004,0.9998999999999999,19.992002399280214,Excess
d710ca08-6f7d-4617-8909-7d00486a226c,euler-v2,Arbitrum,22012,0.0499999999999999,0.005,0.01,0.01,0.0749999999999999,C (Elevated Risk),3.063901541331157,0.050015000000000004,0.9998999999999999,19.992002399280214,Excess
d9c395b9-00d0-4426-a6b3-572a6dd68e54,compound-v3,Arbitrum,9214159,0.016,0.005,0.01,0.008,0.039,B (Moderate Risk),3.041868572806806,0.050015000000000004,0.99992,19.992402279316206,Excess
d9fa8e14-0447-4207-9ae8-7810199dfa1f,aave-v3,Arbitrum,109054854,0.022,0.005,0.03,0.008,0.065,C (Elevated Risk),1.6043035883738097,0.050045,0.99992,19.980417624138276,Excess
da24bd25-1060-47c7-b57f-a95ea387afc0,silo-v2,Avalanche,297351,0.071,0.005,0.08,0.01,0.166,D (High Risk),0.475641168125625,0.05012,0.9998999999999999,19.950119712689546,Excess
da45ac62-f5e8-4692-b939-cb4a085baa43,euler-v2,Arbitrum,9360844,0.0394999999999999,0.005,0.01,0.01,0.0644999999999999,C (Elevated Risk),5.010658129356461,0.050015000000000004,0.9998999999999999,19.992002399280214,Excess
dcd35b19-aaf6-486e-ada7-fba8767ab757,dforce-lending,Ethereum,65606,0.0574999999999999,0.005,0.01,0.01,0.0824999999999999,C (Elevated Risk),4.97508,0.050015000000000004,0.9998999999999999,19.992002399280214,Excess
e0a73b02-748b-4ac8-8a5a-1c8d110f1a80,euler-v2,Ethereum,32629,0.044,0.005,0.01,0.01,0.0689999999999999,C (Elevated Risk),2.177684087392009,0.050015000000000004,0.9998999999999999,19.992002399280214,Excess
e1db168e-7c9d-4285-9d3f-ba83a9ecf105,euler-v2,Avalanche,7447124,0.0394999999999999,0.005,0.01,0.01,0.0644999999999999,C (Elevated Risk),8.496135838891735,0.050015000000000004,0.9998999999999999,19.992002399280214,Excess
e5adf719-d8e7-4b36-a603-ed288483d13a,radiant-v2,Base,204068,0.044,0.005,0.01,0.012,0.071,C (Elevated Risk),4.878241995413691,0.050015000000000004,0.99988,19.991602519244225,Excess
e6692d08-85b6-4b50-952b-7c5c531862fe,aave-v3,Avalanche,33763398,0.016,0.005,0.03,0.008,0.059,B (Moderate Risk),1.2702060149413412,0.050045,0.99992,19.980417624138276,Excess
e945826d-6546-4f29-b276-9583ce2f0f68,euler-v2,Ethereum,419162,0.0365,0.005,0.01,0.01,0.0615,C (Elevated Risk),5.268142346948023,0.050015000000000004,0.9998999999999999,19.992002399280214,Excess
e95cadc3-0ea7-4932-9b80-a8baba80eff4,aave-v3,Polygon,1569400,0.022,0.005,0.08,0.008,0.1149999999999999,D (High Risk),0.0070557170504673,0.05012,0.99992,19.950518754988032,Excess
e96cbd55-a0a0-446a-89ba-ada6e2991d50,spark-savings,Avalanche,137092734,0.0225,0.005,0.01,0.01,0.0475,B (Moderate Risk),8.0,0.050015000000000004,0.9998999999999999,19.992002399280214,Excess
ea0477f6-4ead-4339-926d-eeff9e11580b,euler-v2,Arbitrum,1585538,0.0499999999999999,0.005,0.08,0.01,0.145,D (High Risk),0.3654800034360466,0.05012,0.9998999999999999,19.950119712689546,Excess
ea25cc6f-5dde-4c95-ab8e-243025784187,radiant-v2,Arbitrum,23276,0.044,0.005,0.05,0.012,0.111,D (High Risk),0.6916773023443273,0.05007500000000001,0.99988,19.96764852720918,Excess
ec762755-29a1-41d8-957f-0b00dcf00dd6,aave-v3,Scroll,345989,0.022,0.005,0.05,0.008,0.0849999999999999,C (Elevated Risk),0.7137828707408799,0.05007500000000001,0.99992,19.968447329006487,Excess
ef8fbf02-ac96-4453-a78c-37bda4cd65e3,aave-v3,Ethereum,798320,0.016,0.005,0.03,0.008,0.059,B (Moderate Risk),1.659454363727227,0.050045,0.99992,19.980417624138276,Excess
effcb4a4-4dcb-45e5-935d-f15542c13e6b,aave-v3,Ethereum,2025434,0.022,0.005,0.03,0.008,0.065,C (Elevated Risk),1.5793810274376805,0.050045,0.99992,19.980417624138276,Excess
f14599e7-ac5d-43ec-a999-f452a30b83ce,benqi-lending,Avalanche,15042,0.0394999999999999,0.005,0.01,0.01,0.0644999999999999,C (Elevated Risk),5.930648839952814,0.050015000000000004,0.9998999999999999,19.992002399280214,Excess
f4d5b566-e815-4ca2-bb07-7bcd8bc797f1,compound-v3,Ethereum,72722507,0.016,0.005,0.01,0.008,0.039,B (Moderate Risk),2.6565052365985484,0.050015000000000004,0.99992,19.992402279316206,Excess
f981a304-bb6c-45b8-b0c5-fd2f515ad23a,aave-v3,Ethereum,2346664323,0.022,0.005,0.03,0.008,0.065,C (Elevated Risk),1.3859572133845313,0.050045,0.99992,19.980417624138276,Excess
fa68041a-2ce5-4ee5-88a0-ec5185f0bdb7,euler-v2,Ethereum,1309780,0.0394999999999999,0.005,0.01,0.01,0.0644999999999999,C (Elevated Risk),4.000768804969555,0.050015000000000004,0.9998999999999999,19.992002399280214,Excess
fe7bd728-9e1d-450a-8960-280712c8c7a2,benqi-lending,Avalanche,48762,0.0499999999999999,0.005,0.01,0.01,0.0749999999999999,C (Elevated Risk),4.971642766521855,0.050015000000000004,0.9998999999999999,19.992002399280214,Excess
ff2a68af-030c-4697-b0a1-b62a738eaef0,aave-v3,Ethereum,265302754,0.0084999999999999,0.005,0.01,0.008,0.0315,A (Low Risk),8.98070590656514,0.050015000000000004,0.99992,19.992402279316206,Excess
ff59b165-64e0-4868-a6db-6049b5135358,benqi-lending,Avalanche,8846492,0.0499999999999999,0.005,0.03,0.01,0.0949999999999999,C (Elevated Risk),1.9677644333821749,0.050045,0.9998999999999999,19.980017983814566,Excess
